<?xml version="1.0"?>
<extension key="com.microfirmdesign.acl" type="module">
  <file>acl</file>
  <name>ACL api</name>
  <description>api extension for acl functions</description>
  <license></license>
  <maintainer>
    <author>Don Latshaw</author>
    <email>dlats@microfirmdesign.com</email>
  </maintainer>
  <releaseDate>2013-03-31</releaseDate>
  <version>1.0</version>
  <develStage>alpha</develStage>
  <compatibility>
    <ver>4.2</ver>
    <ver>4.3</ver>
  </compatibility>
  <comments>This is a new, undeveloped module</comments>
  <civix>
    <namespace>CRM/Acl</namespace>
  </civix>
  <url desc="documentation">http://github.com/dlats/civicrm_custom_code/com.microfirmdesign.acl/info.xml</url>
</extension>
